Date,Return_Price
08/19/14,0.004878367156033466
08/18/14,0.004585934918976949
08/15/14,0.005586048162922798
08/14/14,0.0024357366698678534
08/13/14,0.00813886614935198
08/12/14,-0.0059166882202725994
08/11/14,0.0021450050074056874
08/08/14,0.00035503071490248253
08/07/14,0.00287084782736319
08/06/14,-0.005822204734044692
08/05/14,-0.00540877751794762
08/04/14,0.005246781687603967
08/01/14,-0.0020993746648369145
07/31/14,-0.011610097091080782
07/30/14,0.0016051856586229275
07/29/14,-0.0031324679169218647
07/28/14,-0.0016128292350088011
07/25/14,-0.00497172279519404
07/24/14,0.0007886789516567308
07/23/14,-0.002538912990431193
07/22/14,0.0021205564169987476
07/21/14,-0.005595850832806027
07/18/14,0.033587308277991286
07/17/14,-0.005371966112370392
07/16/14,0.005506339749380286
07/15/14,0.0014875050734764546
07/14/14,0.0059048091815666415
07/11/14,0.0014183476882767966
07/10/14,-0.017653791620399373
07/09/14,0.0008579887239895689
07/08/14,-0.007883247947232679
07/07/14,-0.0016588880235209782
07/03/14,0.001742959574347311
07/02/14,0.001167082461042473
07/01/14,0.005284383654735499
06/30/14,0.002459920527837993
06/27/14,0.0020485914544433443
06/26/14,0.004061179177883508
06/25/14,0.001133500557253645
06/24/14,0.00042477370476780047
06/23/14,-0.0021748105190383064
06/20/14,0.003514220998411476
06/19/14,0.0015721797340334349
06/18/14,0.003406888642970566
06/17/14,-0.0001470798744491429
06/16/14,-0.004530862668759754
06/13/14,0.001650535799897294
06/12/14,-0.0027556780358610287
06/11/14,-0.004549015390995077
06/10/14,-0.0028641547902173445
06/09/14,0.0014739350938121534
06/06/14,0.007510399406954126
06/05/14,0.0031947549252324013
06/04/14,-0.006312549266671176
06/03/14,-0.005307520435595094
06/02/14,0.001446636478696342
05/30/14,0.0012855105387020224
05/29/14,0.002973182909768937
05/28/14,-0.0024383756889876907
05/27/14,0.005970669660016558
05/23/14,0.00403624018435663
05/22/14,0.004063450446422007
05/21/14,0.005908165268052967
05/20/14,0.0016639054222330842
05/19/14,-0.0017862508516134088
05/16/14,0.002711738332090024
05/15/14,-0.001803950724144828
05/14/14,-0.0001688825309672697
05/13/14,0.001830467914882214
05/12/14,0.009214801755914949
05/09/14,-0.0004892619732623823
05/08/14,-0.0029414408442148344
05/07/14,0.001261738673271211
05/06/14,-0.004888125097297844
05/05/14,-0.005890962432310396
05/02/14,0.0045355791020323276
05/01/14,0.0008544847899789312
04/30/14,-0.00018951022035319133
04/29/14,-0.00048344553717887185
04/28/14,0.0019372921141635815
04/25/14,-0.005045997555617019
04/24/14,0.005939895998991519
04/23/14,-0.001907229436563589
04/22/14,3.7743386340764035e-05
04/21/14,0.0
04/17/14,-0.013889325862612965
04/16/14,0.012228793738028581
04/15/14,0.008074894247827284
04/14/14,0.014417707336683148
04/11/14,-0.0155282636467966
04/10/14,0.001524481692310886
04/09/14,0.008506065556616272
04/08/14,0.00826905080593002
04/07/14,-0.004418757833810402
04/04/14,0.00861794650763433
04/03/14,0.005026395171179527
04/02/14,0.057884901845019196
04/01/14,0.003124033934580082
03/31/14,0.012321640377493266
03/28/14,0.004906323611303373
03/27/14,0.004566567398783561
03/26/14,1.0076843497502121
03/25/14,1.015952695512829
03/24/14,1.0039461674841208
03/21/14,1.0173014880409246
03/20/14,1.003168566618266
03/19/14,1.002892490599338
03/18/14,1.0063160680679752
03/17/14,1.0130102970011603
03/14/14,0.9900963937289511
03/13/14,1.0030778778217246
03/12/14,0.9960107282420471
03/11/14,1.0056352627041296
03/10/14,1.003483166536733
03/07/14,1.0138025403165087
03/06/14,1.0086062042164945
03/05/14,1.0022307816803209
03/04/14,1.0224912593737483
03/03/14,0.9873428925120781
02/28/14,1.0038554339336256
02/27/14,0.9990795183042166
02/26/14,1.008564008014071
02/25/14,1.0076634162463216
02/24/14,1.0046109515176338
02/21/14,1.0081517213462392
02/20/14,1.0033320418446336
02/19/14,0.992774276785852
02/18/14,0.999686283416356
02/14/14,0.9948421418913315
02/13/14,0.9919791091346452
02/12/14,1.0000150127031187
02/11/14,1.0143575811361198
02/10/14,0.9924103848176655
02/07/14,1.0152378180128263
02/06/14,1.015887215389234
02/05/14,1.011181966298029
02/04/14,1.0100544108260021
02/03/14,0.9989996119689563
01/31/14,1.0654071595499486
01/30/14,1.07087222756432
01/29/14,0.9950652365181885
01/28/14,1.018525500207885
01/27/14,1.0060439267094972
01/24/14,0.9863131001776575
01/23/14,0.9933733506377327
01/22/14,1.0070061413328637
01/21/14,1.0200967772090805
01/17/14,1.0030909136834802
01/16/14,1.0028365195847162
01/15/14,1.0082528881951713
01/14/14,1.028687801069861
01/13/14,0.9954280723078144
01/10/14,1.017658368087699
01/09/14,1.005876947360364
01/08/14,1.0145515109166285
01/07/14,1.0157607911873123
01/06/14,1.0165122611265032
01/03/14,1.0053811731021718
01/02/14,0.9926214377074831
12/31/13,1.0070165227528425
12/30/13,1.0054726805742833
12/27/13,1.0065505738557363
12/26/13,1.0059072871684922
12/24/13,1.0017665990838256
12/23/13,1.0151329127490127
12/20/13,1.0058334601069086
12/19/13,0.9946546587395463
12/18/13,1.0057237873160083
12/17/13,1.001701428339173
12/16/13,1.0080581160025206
12/13/13,1.0121787578579107
12/12/13,1.0062370737446757
12/11/13,1.0070572694844229
12/10/13,0.9983045848938864
12/09/13,1.0040956282058586
12/06/13,1.02557331706248
12/05/13,1.0001459543971003
12/04/13,0.9984075682804333
12/03/13,0.9952980099375107
12/02/13,1.0094065539750452
11/29/13,1.0002108488642403
11/27/13,1.0088472203817274
11/26/13,1.0071106179617542
11/25/13,1.0122245692314884
11/22/13,1.0007415559523896
11/21/13,1.0111844715235143
11/20/13,1.0112757028376884
11/19/13,1.0023300636881232
11/18/13,1.0062419035465737
11/15/13,1.0013038302393145
11/14/13,1.0048115958296657
11/13/13,0.9920471578402232
11/12/13,0.996274843079439
11/11/13,0.9891528743998026
11/08/13,1.003589058869063
11/07/13,1.0017259784671961
11/06/13,1.0099960720871008
11/05/13,0.9907618388119882
11/04/13,1.0106937482265137
11/01/13,1.0043504679952981
10/31/13,0.9991052022202587
10/30/13,1.0042992793776
10/29/13,1.0100869504405403
10/28/13,1.0019999988956678
10/25/13,1.00838349024021
10/24/13,1.002892816194081
10/23/13,0.9900714868233081
10/22/13,1.0053922311145596
10/21/13,1.0020990768592692
10/18/13,1.1997471432686806
10/17/13,0.990764206422916
10/16/13,1.010761478713078
10/15/13,1.0012002107892564
10/14/13,0.9897629531485435
10/11/13,0.9969040695704761
10/10/13,1.0206665457038373
10/09/13,1.0081209552552017
10/08/13,1.0010287016216064
10/07/13,0.9907548583381478
10/04/13,0.9995091636238322
10/03/13,1.002022515040969
10/02/13,0.9923623358919782
10/01/13,1.0119195966058065
09/30/13,0.9853012192069367
09/27/13,0.9943629309429767
09/26/13,1.0044418771545374
09/25/13,1.0013452864294101
09/24/13,1.00200000250673
09/23/13,0.986571154109307
09/20/13,1.0019999976022127
09/19/13,1.007917449639875
09/18/13,1.0025423059234684
09/17/13,1.0012107077364316
09/16/13,1.0180553125658118
09/13/13,1.0052281104544714
09/12/13,1.0047030758155104
09/11/13,1.001707131933601
09/10/13,1.0064411287277286
09/09/13,1.011445799603963
09/06/13,1.008555316786808
09/05/13,1.0062951460122098
09/04/13,1.0019302916223407
09/03/13,1.019634775225481
08/30/13,1.0027723801943182
08/29/13,1.0032268655784875
08/28/13,1.0022354493742442
08/27/13,0.986356374221104
08/26/13,1.0015168457603199
08/23/13,1.0114404789019906
08/22/13,1.0097608625588865
08/21/13,1.0140987965079185
08/20/13,1.0082443800850909
08/19/13,1.0038690042181522
08/16/13,1.0057727066907955
08/15/13,0.9896402008986265
08/14/13,0.9954573929830233
08/13/13,1.0049842978211716
08/12/13,0.9941081208451042
08/09/13,0.9972902467986094
08/08/13,1.0128792766630108
08/07/13,0.9985835657140885
08/06/13,1.0013142433082367
08/05/13,0.9993941673046005
08/02/13,1.0002730023413895
08/01/13,1.0183496992011207
07/31/13,1.0066514949787866
07/30/13,1.0092384650247201
07/29/13,1.0009824741329088
07/26/13,1.000398649218651
07/25/13,0.9819777886755908
07/24/13,1.0096642253044366
07/23/13,1.0020000005627663
07/22/13,1.0140575189632677
07/19/13,0.949085572439907
07/18/13,1.0029589837438122
07/17/13,1.0050259493678464
07/16/13,1.007282630666164
07/15/13,1.004819764466773
07/12/13,1.0014779365994895
07/11/13,1.0174902669796844
07/10/13,0.9980412705027804
07/09/13,1.015072553437875
07/08/13,1.0148164570437823
07/05/13,1.0100853236536222
07/03/13,0.9965316047418965
07/02/13,1.007231165094447
07/01/13,1.0158262247562284
06/28/13,0.9970468296482748
06/27/13,1.013801477684519
06/26/13,1.0194498566122538
06/25/13,1.019193670988688
06/24/13,0.9814330537574069
06/21/13,1.010146102077776
06/20/13,0.9871296548686711
06/19/13,1.0036673047238986
06/18/13,1.0074213880298823
06/17/13,1.0115861957095513
06/14/13,1.0090766646576315
06/13/13,0.9951121533517696
06/12/13,1.0148563973736864
06/11/13,0.9879444327500267
06/10/13,1.0073933939180197
06/07/13,1.0153831110801566
06/06/13,1.0127121143785767
06/05/13,1.009946504326052
06/04/13,1.00250763545131
06/03/13,1.0060902221800885
05/31/13,0.9959302998119082
05/30/13,1.0057120964516033
05/29/13,0.989369209090894
05/28/13,1.0253367446042865
05/24/13,0.9849233668080029
05/23/13,0.9740436742944975
05/22/13,0.9922656736935356
05/21/13,1.0008761359908598
05/20/13,0.9927956222146009
05/17/13,1.015621712510298
05/16/13,1.0087980041946516
05/15/13,1.0209570944538138
05/14/13,1.0019315126653525
05/13/13,0.9989523764715929
05/10/13,1.0107985191739868
05/09/13,0.9956064239634345
05/08/13,1.001462887043347
05/07/13,1.0053925847042176
05/06/13,1.008012729982227
05/03/13,1.0197369314087243
05/02/13,1.0011946679861077
05/01/13,0.9988193933078972
04/30/13,1.0018534002053554
04/29/13,1.0065714983294425
04/26/13,0.9982885044787121
04/25/13,1.0088911587618221
04/24/13,1.0025204192122739
04/23/13,1.0042268722825805
04/22/13,1.003827173229275
04/19/13,1.0104950976479536
04/18/13,1.00913747055193
04/17/13,0.9852950136797256
04/16/13,1.013931093214544
04/15/13,0.9916106141819552
04/12/13,1.0060527602027507
04/11/13,1.0088407793978742
04/10/13,1.015567326627033
04/09/13,1.0036792915750186
04/08/13,0.991006342865966
04/05/13,0.9793126023043484
04/04/13,0.9971575771068838
04/03/13,1.0030342569674093
04/02/13,1.0103708561662674
04/01/13,1.0040671089692856
03/28/13,1.0053173928318624
03/27/13,0.9878552426336423
03/26/13,1.0115447780024378
03/25/13,1.0071883956750067
03/22/13,1.010587918195406
03/21/13,0.9935959871467448
03/20/13,1.0155962739827251
03/19/13,1.010550407327087
03/18/13,0.9791354837616494
03/15/13,0.9945919214002027
03/14/13,1.0060752181966062
03/13/13,1.0027015718287333
03/12/13,0.9921436850981088
03/11/13,1.002409317776035
03/08/13,1.0065686768912812
03/07/13,1.0084536859491773
03/06/13,1.00780125029534
03/05/13,1.020107017841674
03/04/13,0.999789772857913
03/01/13,0.9935041808831763
02/28/13,1.005304344878642
02/27/13,1.0138327290675848
02/26/13,1.0127090513818993
02/25/13,1.008483810519277
02/22/13,1.0113869098264758
02/21/13,1.0159958510169718
02/20/13,0.9981539624336176
02/19/13,1.0098273594367237
02/15/13,1.0009326327417989
02/14/13,0.9939957465333161
02/13/13,1.0005383106457442
02/12/13,1.0002856994151432
02/11/13,0.9842326632517752
02/08/13,1.0179859920665686
02/07/13,1.0007782252358577
02/06/13,0.9845615541732156
02/05/13,1.0075654988822507
02/04/13,0.9815824115530212
02/01/13,1.0086496962573015
01/31/13,0.9931827984433882
01/30/13,1.0021593155643431
01/29/13,0.9913863504974297
01/28/13,0.9969264954406291
01/25/13,0.9928686708314881
01/24/13,1.0012980038126655
01/23/13,1.09633646786255
01/22/13,1.0024261778606862
01/18/13,0.9992980769051618
01/17/13,1.0090542122537471
01/16/13,0.9950129925962361
01/15/13,0.991149273402844
01/14/13,0.9939107666245255
01/11/13,1.0034040260052086
01/10/13,1.014775004864088
01/09/13,0.9991880569916491
01/08/13,1.0041525399100013
01/07/13,0.9951637093994798
01/04/13,1.0176857319652237
01/03/13,1.0066504513754253
01/02/13,1.0360751954418803
12/31/12,1.0019714407947093
12/28/12,0.9889611581564928
12/27/12,0.9971141928401942
12/26/12,0.9979650712901692
12/24/12,0.9988668575481283
12/21/12,0.9787472613338042
12/20/12,1.010757263601666
12/19/12,1.0010005207740018
12/18/12,0.9903897500177157
12/17/12,1.0120961739835355
12/14/12,0.9919430875696593
12/13/12,1.054693282666982
12/12/12,1.0087511568872078
12/11/12,1.0153773384241758
12/10/12,1.0054526955007164
12/07/12,1.0132103765466163
12/06/12,1.0013304186920078
12/05/12,1.005244858421719
12/04/12,1.0012802383195196
12/03/12,1.0130941565823792
11/30/12,1.0003216174712681
11/29/12,1.0140354083022771
11/28/12,0.9939408909981923
11/27/12,0.9990325737125672
11/26/12,0.9974143593062479
11/23/12,1.014326928503814
11/21/12,0.9990716325885034
11/20/12,1.0058949469106278
11/19/12,1.0283560592392165
11/16/12,0.9980718371847417
11/15/12,0.9941767256958722
11/14/12,1.006890756608333
11/13/12,0.9932811206196808
11/12/12,1.0041739407868575
11/09/12,1.0092433073576201
11/08/12,1.0112430843120546
11/07/12,0.9822653248004207
11/06/12,1.0093869325011018
11/05/12,0.9920470459414705
11/02/12,1.0229637829316898
11/01/12,0.9996457940379335
10/31/12,1.0159663216477821
10/26/12,0.9982781045144898
10/25/12,1.009980696000634
10/24/12,1.0209797592830576
10/23/12,0.982353745644053
10/22/12,0.9997095829080779
10/19/12,1.0324764129670656
10/18/12,1.002132473851108
10/17/12,0.9999837678865632
10/16/12,0.9997033452803158
10/15/12,0.9944463178132001
10/12/12,1.0029858010118673
10/11/12,1.0244250096455791
10/10/12,0.9960000884969149
10/09/12,1.0068343839192688
10/08/12,0.9846571872042247
10/05/12,1.0089336046737991
10/04/12,1.0026562778773913
10/03/12,0.9986412452234097
10/02/12,1.0109879439425806
10/01/12,1.0140730570246166
09/28/12,0.995780902768387
09/27/12,1.019244403120382
09/26/12,1.0038439479061427
09/25/12,1.011804599037594
09/24/12,0.9938446411956298
09/21/12,1.0132457625060216
09/20/12,0.9936617971211492
09/19/12,0.9998259387938198
09/18/12,0.9957964810004138
09/17/12,0.9975710136162532
09/14/12,1.0120946327177027
09/13/12,1.008403957477152
09/12/12,0.9939595689750595
09/11/12,0.9939722495450813
09/10/12,1.0122346159208502
09/07/12,1.0037175249838093
09/06/12,1.017410755370413
09/05/12,0.9989427433302204
09/04/12,1.0004220443520995
08/31/12,1.0088135305547756
08/30/12,0.991029902451283
08/29/12,1.0023545991336884
08/28/12,0.9893757435765229
08/27/12,0.9558610216060811
08/24/12,0.9984504256282382
08/23/12,0.9933970122245721
08/22/12,0.9956307040444257
08/21/12,0.9947984602497322
08/20/12,0.9971513310050146
08/17/12,1.0057190476546094
08/16/12,1.0019099702199936
08/15/12,1.0068501806954069
08/14/12,0.9996947668768674
08/13/12,1.0189016857011015
08/10/12,0.9902812422657747
08/09/12,1.0091073562546111
08/08/12,0.9973430242209702
08/07/12,0.9987920718569574
08/06/12,0.9966308314392854
08/03/12,1.03782112955832
08/02/12,0.9793117738087497
08/01/12,1.0156952490865743
07/31/12,0.9892085167294987
07/30/12,1.0054365542575825
07/27/12,1.020049820715788
07/26/12,1.0250826573945477
07/25/12,1.0044712957193263
07/24/12,1.00034111124588
07/23/12,0.9681100066702844
07/20/12,1.0549988446812293
07/19/12,1.0205460254213916
07/18/12,1.0028678887679987
07/17/12,1.0142225845183195
07/16/12,1.0014792105909245
07/13/12,1.007860549438862
07/12/12,0.9877349831270997
07/11/12,0.9834152114505257
07/10/12,1.0162801557831425
07/09/12,0.9984809008152218
07/06/12,0.9903425303424491
07/05/12,1.00516729546972
07/03/12,1.000413594903093
07/02/12,1.0080398038902723
06/29/12,1.0397829564710275
06/28/12,0.9900436870621209
06/27/12,1.0127070373777058
06/26/12,1.0093553082886046
06/25/12,0.9874617169563096
06/22/12,1.01188238679433
06/21/12,1.0100771617449062
06/20/12,0.9960787022878236
06/19/12,1.0116092089636781
06/18/12,0.9952972568238772
06/15/12,1.0066197064368498
06/14/12,1.0027493386835418
06/13/12,0.9900255820881506
06/12/12,1.0064723686668147
06/11/12,1.0149684635107037
06/08/12,0.9937598178694484
06/07/12,1.0262419256200352
06/06/12,1.0233041117047572
06/05/12,0.9911353129521524
06/04/12,0.9993351035085097
06/01/12,0.9707392098928783
05/31/12,1.0036676463833643
05/30/12,0.9811830315890788
05/29/12,1.0164852816723724
05/25/12,0.99317841683528
05/24/12,1.0010145023502026
05/23/12,1.0048323059283235
05/22/12,0.9998158525707475
05/21/12,1.0023666840429786
05/18/12,1.0085871561066888
05/17/12,1.0175976366604573
05/16/12,1.0244407815628975
05/15/12,1.0064747055553573
05/14/12,0.9872802510773597
05/11/12,0.9912013876263449
05/10/12,1.0145217592057711
05/09/12,0.9824957048666094
05/08/12,0.9953437127956877
05/07/12,0.995393389177288
05/04/12,0.985289987206612
05/03/12,1.009780217243881
05/02/12,0.9913014950664345
05/01/12,0.9984913317375839
04/30/12,0.9955216583773612
04/27/12,1.0005362912411666
04/26/12,1.0059073048305098
04/25/12,1.011089799514866
04/24/12,1.004144122876386
04/23/12,0.9913864607047972
04/20/12,1.0185357987931278
04/19/12,0.9961995188063162
04/18/12,0.9970080304016306
04/17/12,1.0102251267302487
04/16/12,0.9968716960124773
04/13/12,0.9913597248227617
04/12/12,1.022115735395466
04/11/12,1.0247071300036354
04/10/12,1.0105050738110213
04/09/12,0.9898422227066233
04/05/12,0.9928275349174565
04/04/12,0.9890089288295868
04/03/12,0.9973271432152966
04/02/12,1.0005325690437947
03/30/12,1.0123125742902515
03/29/12,0.994917152400776
03/28/12,1.0175018099020732
03/27/12,0.9949087843452857
03/26/12,1.0095083945072574
03/23/12,1.0037042528500901
03/22/12,0.9973701889400157
03/21/12,1.0055395914218554
03/20/12,0.9923370089045304
03/19/12,0.9958502131017832
03/16/12,1.0012265351373006
03/15/12,1.0039825492101249
03/14/12,0.9929909188924012
03/13/12,1.0139099447557771
03/12/12,1.001166117502608
03/09/12,1.0046708141041307
03/08/12,1.0126896624917858
03/07/12,1.0155350082338794
03/06/12,0.9817926878174584
03/05/12,0.9993574630463025
03/02/12,1.0007133914029207
03/01/12,1.0149851705722979
02/29/12,1.0026799055779134
02/28/12,1.0042671727855366
02/27/12,0.9911348121442705
02/24/12,1.00609590150754
02/23/12,0.9989045857471163
02/22/12,0.9953485108327449
02/21/12,0.9994503913003558
02/17/12,0.9968836362546258
02/16/12,0.9929413787215303
02/15/12,1.0124078603826518
02/14/12,0.9998417009962595
02/13/12,1.017165764517632
02/10/12,0.9902787488424044
02/09/12,1.0091235167129724
02/08/12,1.0081700150561022
02/07/12,0.9956235260690617
02/06/12,0.9975685139964567
02/03/12,1.0209898380787106
02/02/12,1.0159252090199906
02/01/12,1.0186686222786345
01/31/12,1.0204019140831977
01/30/12,0.9953379486054291
01/27/12,1.0114443616824103
01/26/12,1.0107532301137143
01/25/12,0.9902140096457269
01/24/12,1.004735498928274
01/23/12,1.0020341145017084
01/20/12,0.8484936163334268
01/19/12,1.027558316756522
01/18/12,0.995789236663502
01/17/12,1.0243908267369157
01/13/12,0.9912529912105437
01/12/12,1.0188229866143936
01/11/12,1.0031565548926176
01/10/12,1.0254467421745461
01/09/12,0.9911587959026182
01/06/12,1.0024254565435433
01/05/12,0.9835761988889562
01/04/12,1.0008568290463722
01/03/12,1.023820907998291
12/30/11,1.0008158821883073
12/29/11,1.0076020004392312
12/28/11,1.0098172504630036
12/27/11,0.9985533729743453
12/23/11,1.0093122753273998
12/22/11,1.0088139576915571
12/21/11,1.0008567136333038
12/20/11,1.0218645403402467
12/19/11,1.0085565301605683
12/16/11,1.0174462197877883
12/15/11,1.0164141533317752
12/14/11,0.9899039543112546
12/13/11,1.0127880746396347
12/12/11,0.9843226018298649
12/09/11,1.0083370865556147
12/08/11,0.9944529645380424
12/07/11,0.9952922444858789
12/06/11,0.9934882777043978
12/05/11,1.0254938925354427
12/02/11,1.0126987617734196
12/01/11,1.0040374537919863
11/30/11,1.0535843657775927
11/29/11,1.0009448754297847
11/28/11,1.0602107908136427
11/25/11,0.9847229696266112
11/23/11,0.9859495006971986
11/22/11,0.998760512084348
11/21/11,0.9780385573205089
11/18/11,1.0057648150248621
11/17/11,0.997350693394479
11/16/11,0.9874530706980345
11/15/11,1.0013469289830093
11/14/11,1.0008481969613763
11/11/11,1.022925668832614
11/10/11,1.018590200384705
11/09/11,0.9755831115206227
11/08/11,1.0042049003207254
11/07/11,0.992529537945021
11/04/11,0.9885975491957223
11/03/11,1.0094627941730019
11/02/11,1.0236234721521473
11/01/11,0.9596385923303701
10/31/11,0.9851538080218858
10/28/11,0.9881222109964639
10/27/11,1.043350656153715
10/26/11,1.0239368313327541
10/25/11,0.990855723944319
10/24/11,0.9892181761268118
10/21/11,1.0220312614959084
10/20/11,1.0061372040192564
10/19/11,0.9912528468172677
10/18/11,0.9943690204309807
10/17/11,0.9750665856384995
10/14/11,1.146977546554855
10/13/11,1.0075844460282057
10/12/11,1.0202442373241074
10/11/11,0.9881732042028566
10/10/11,1.0410980259443943
10/07/11,1.0102457988528841
10/06/11,1.0131067026736205
10/05/11,0.9798618374281961
10/04/11,0.9798192432121866
10/03/11,0.9818261705954555
09/30/11,0.9743323939573786
09/29/11,1.0292565695973914
09/28/11,1.0100177292910615
09/27/11,1.0257504423981678
09/26/11,1.0086288297094632
09/23/11,0.9862351404732539
09/22/11,0.9539177321883152
09/21/11,1.0058821445055655
09/20/11,1.0119976639186454
09/19/11,0.9788189652637992
09/16/11,1.010265387424682
09/15/11,1.0149058757234062
09/14/11,1.0136069861480308
09/13/11,1.0090998511837328
09/12/11,0.9757186709038991
09/09/11,0.9886773355511673
09/08/11,1.001137594949236
09/07/11,1.0337066442156373
09/06/11,0.9484444469060616
09/02/11,0.9718100361072188
09/01/11,1.001222777384948
08/31/11,1.0169584951467283
08/30/11,0.9986946208780929
08/29/11,1.0312590713449883
08/26/11,1.001807544572297
08/25/11,1.0291249370418738
08/24/11,1.003968052961066
08/23/11,1.0234196901511234
08/22/11,1.055341004336558
08/19/11,0.9800322257681098
08/18/11,0.9656514072100885
08/17/11,1.0058255982507054
08/16/11,0.9847545966942686
08/15/11,0.9652816780308863
08/12/11,1.0282478740134797
08/11/11,1.019540024743134
08/10/11,0.9599986445036592
08/09/11,1.0569246952769389
08/08/11,0.9464732925600116
08/05/11,1.019401950607162
08/04/11,0.9797875849004423
08/03/11,1.008319685071462
08/02/11,0.9994595463647268
08/01/11,1.0269715655267684
07/29/11,0.9800119046283314
07/28/11,0.9953069664090362
07/27/11,0.984826740069089
07/26/11,0.9989920996237576
07/25/11,0.986229616777554
07/22/11,0.9967229116932967
07/21/11,0.9975612262555681
07/20/11,1.0007707495764568
07/19/11,1.006038183272338
07/18/11,0.9848145375320989
07/15/11,1.2614948394385923
07/14/11,1.0051987640124045
07/13/11,1.01320943595901
07/12/11,1.0053412048861197
07/11/11,0.9876620841897749
07/08/11,0.9520050457933843
07/07/11,1.0230910720325728
07/06/11,1.0059856104555993
07/05/11,1.0184068948172196
07/01/11,1.0034233477596777
06/30/11,1.0197841457634413
06/29/11,1.013720423050088
06/28/11,1.0070589454015266
06/27/11,0.998290111665395
06/24/11,1.003917709192586
06/23/11,0.9819393934406179
06/22/11,0.9957056484248669
06/21/11,1.0127829702065905
06/20/11,1.0019175612529259
06/17/11,1.025246022079601
06/16/11,1.0014426515546202
06/15/11,0.9888468742342423
06/14/11,1.0155653457738767
06/13/11,1.0039252940269159
06/10/11,0.9917328116919665
06/09/11,1.0052006218193883
06/08/11,0.9923570192527058
06/07/11,1.0090309920203733
06/06/11,1.0037604565498117
06/03/11,0.979025170795172
06/02/11,1.0095037056877272
06/01/11,0.9982914115764339
05/31/11,1.0177575979804747
05/27/11,1.0033523675431426
05/26/11,0.9944106708468599
05/25/11,0.9984072952434001
05/24/11,1.009646634701406
05/23/11,0.9736146102393936
05/20/11,1.0040727638879472
05/19/11,1.0130339272016877
05/18/11,0.9985278422317695
05/17/11,0.990453474214911
05/16/11,0.9897509378572606
05/13/11,1.0003536617319062
05/12/11,1.0012147813726102
05/11/11,0.9927032412143831
05/10/11,1.0106383097159144
05/09/11,1.000877976236725
05/06/11,1.0165391251796965
05/05/11,0.9947884906339025
05/04/11,1.0067999676419686
05/03/11,0.996684148611323
05/02/11,1.0078872670062808
04/29/11,1.0095545930111811
04/28/11,1.0031166643200342
04/27/11,1.021463111094445
04/26/11,1.0076049404384981
04/25/11,1.0025717934688851
04/21/11,1.0087021144702535
04/20/11,1.0187752068403249
04/19/11,1.0138180558789784
04/18/11,0.9858541540179908
04/15/11,0.8870383857451439
04/14/11,0.9982133046443966
04/13/11,1.0191918185859932
04/12/11,0.9937821632066153
04/11/11,0.9952132417494881
04/08/11,1.0188790184163394
04/07/11,1.0074043257280456
04/06/11,1.012870189362186
04/05/11,0.9795162556015528
04/04/11,1.0060593986545776
04/01/11,1.0088237801701105
03/31/11,1.0059914491578985
03/30/11,1.0111197688513558
03/29/11,1.0042267923247934
03/28/11,1.0100460897062522
03/25/11,1.0019657286743318
03/24/11,1.0132451244828578
03/23/11,0.9946138238408649
03/22/11,1.0046738439867162
03/21/11,1.0346851323268
03/18/11,1.013697621060211
03/17/11,1.0285207534218466
03/16/11,0.9965518423627377
03/15/11,0.9581308401196588
03/14/11,0.9884268131764464
03/11/11,0.9948242228841931
03/10/11,0.9805852510881999
03/09/11,0.9975721933303121
03/08/11,1.0062973051860602
03/07/11,1.0017665914731886
03/04/11,0.9979602796143764
03/03/11,1.0206273255269633
03/02/11,0.9988008314930796
03/01/11,1.0162953473418865
02/28/11,1.0018687149901042
02/25/11,1.0119964421796002
02/24/11,1.0022293187672133
02/23/11,1.002393754125154
02/22/11,0.9700674499499579
02/18/11,1.0043694057917103
02/17/11,0.9924747606645891
02/16/11,1.0067472399792028
02/15/11,0.9993546600699335
02/14/11,0.9982812098278315
02/11/11,0.9933937393672957
02/10/11,0.993556915624425
02/09/11,0.9971114793449314
02/08/11,1.0040858667331496
02/07/11,0.9993132435230088
02/04/11,1.0019999984316081
02/03/11,0.9937563715501381
02/02/11,1.0018689265252994
02/01/11,1.0157721222889782
01/31/11,1.0106944443338683
01/28/11,1.0094005032201199
01/27/11,1.0065138897844386
01/26/11,1.0033564728736053
01/25/11,0.9925645821193178
01/24/11,0.9880606821006965
01/21/11,1.0429170529922824
01/20/11,1.0034578276613613
01/19/11,1.0097935702485006
01/18/11,1.0080297513779715
01/14/11,1.0043048784504973
01/13/11,1.0023244864994287
01/12/11,1.012854783747659
01/11/11,1.0134081782771425
01/10/11,0.9966738875140019
01/07/11,1.0098644227380016
01/06/11,1.0072920867178237
01/05/11,0.9951838701820973
01/04/11,1.0062070739061313
01/03/11,1.0104602056566252
12/31/10,0.9949126736071998
12/30/10,0.9920065476278211
12/29/10,1.0122954086454738
12/28/10,1.000903361166774
12/27/10,0.9970631716832011
12/23/10,1.001504121074712
12/22/10,1.0050872595558396
12/21/10,1.0138089082644526
12/20/10,1.0150462375131564
12/17/10,0.9995976112555736
12/16/10,1.0106482708729772
12/15/10,0.9996105308980353
12/14/10,1.0103160599161196
12/13/10,1.018598531735074
12/10/10,1.0075506848241265
12/09/10,1.0133229491499753
12/08/10,1.0184692527800676
12/07/10,1.0466882107566422
12/06/10,1.0284486081065052
12/03/10,0.9937024041579351
12/02/10,1.0172896240392904
12/01/10,1.0282630903049839
11/30/10,0.9752084800541811
11/29/10,0.9991836163664368
11/26/10,0.986824391348893
11/24/10,1.0167657574458029
11/23/10,0.9877440365611282
11/22/10,0.9906147320931707
11/19/10,1.0034765932141023
11/18/10,1.020697595680389
11/17/10,1.006390218134361
11/16/10,0.992889013550512
11/15/10,1.0013030781122512
11/12/10,0.9916200585908779
11/11/10,0.991779070243913
11/10/10,0.993220802211528
11/09/10,1.0123169786804156
11/08/10,0.9986050784172342
11/05/10,0.9985044017962674
11/04/10,1.0163973524745364
11/03/10,1.0081789395682614
11/02/10,1.0139469499549354
11/01/10,1.0086223650631416
10/29/10,0.997112860021693
10/28/10,1.0136259947147124
10/27/10,0.9928412698146085
10/26/10,0.9909590741359519
10/25/10,1.0120013764040652
10/22/10,1.0017711253729606
10/21/10,1.013623721860556
10/20/10,1.0030210275931062
10/19/10,0.9732847461571685
10/18/10,0.9990041444374289
10/15/10,1.2179182419363532
10/14/10,1.0052426847853808
10/13/10,1.0227451508971848
10/12/10,1.0067556500246841
10/11/10,1.0099506084072931
10/08/10,1.0124253156069078
10/07/10,1.008968584764921
10/06/10,1.0058312955294015
10/05/10,1.0251111500945025
10/04/10,0.9994479141053088
10/01/10,1.0180299962724007
09/30/10,1.0075768942762091
09/29/10,1.0045825050860708
09/28/10,1.0135875178864677
09/27/10,1.0079228245742673
09/24/10,1.0342047987696137
09/23/10,0.9966069455562766
09/22/10,0.9996606244171509
09/21/10,1.0075142972323663
09/20/10,1.011598464597129
09/17/10,1.0131947202308482
09/16/10,0.9991258884385364
09/15/10,0.999999779144063
09/14/10,1.0009206685149998
09/13/10,1.0220140829910627
09/10/10,1.0139402454600497
09/09/10,1.0328438739879557
09/08/10,1.0054056366111521
09/07/10,0.9773101853269421
09/03/10,1.0337256367097165
09/02/10,1.0129160545673805
09/01/10,1.0240655942735264
08/31/10,0.9905900411812761
08/30/10,1.003396295180141
08/27/10,1.009013952013397
08/26/10,1.0083413353526804
08/25/10,0.9958350098688552
08/24/10,0.9745198811395455
08/23/10,0.9997467324010099
08/20/10,1.002000003045968
08/19/10,0.9972664514295729
08/18/10,1.001673572368705
08/17/10,1.0141211900876517
08/16/10,0.9910092591076396
08/13/10,0.9897522886740705
08/12/10,0.9702441889060915
08/11/10,0.9782324252610121
08/10/10,0.9901151561830493
08/09/10,1.0101245868060487
08/06/10,0.9913615721071616
08/05/10,1.000299848736407
08/04/10,1.0116047300300506
08/03/10,1.0023675168400856
08/02/10,1.019094533780635
07/30/10,0.9799568642988444
07/29/10,1.008613396399483
07/28/10,1.011387561759671
07/27/10,1.008591794283931
07/26/10,0.9980373725209062
07/23/10,0.9853169259721092
07/22/10,1.0260240606701148
07/21/10,1.0120185267178494
07/20/10,0.9798834435029068
07/19/10,1.0080982265114062
07/16/10,0.9010936039094283
07/15/10,1.0035891127928218
07/14/10,1.004782827976519
07/13/10,1.0290114096932852
07/12/10,1.022898372254993
07/09/10,1.0695283620082925
07/08/10,1.0168971761370682
07/07/10,1.012283821208669
07/06/10,1.0361653915660978
07/02/10,1.0117027125419673
07/01/10,1.0035297230525855
06/30/10,1.005085025333524
06/29/10,0.9653594674119211
06/28/10,1.0016188311965317
06/25/10,1.010259092399527
06/24/10,0.9920741120394603
06/23/10,1.0046349976221634
06/22/10,1.0074909731800115
06/21/10,1.0014796269668076
06/18/10,1.011728177551183
06/17/10,1.0107066698440663
06/16/10,0.994683313857361
06/15/10,1.0015442416773752
06/14/10,1.0265076029212004
06/11/10,0.9834602794414985
06/10/10,1.0288189403324843
06/09/10,1.0120765682974555
06/08/10,1.011607642444726
06/07/10,1.003364784841052
06/04/10,0.9787171693308656
06/03/10,1.0090605304861822
06/02/10,1.019887876491977
06/01/10,0.9805631454063991
05/28/10,1.0113066801031114
05/27/10,1.0419161235924277
05/26/10,1.022982216679599
05/25/10,0.964197147552687
05/24/10,1.038812526702299
05/21/10,0.9769227849781521
05/20/10,0.9641003790212771
05/19/10,0.9935238383045287
05/18/10,1.0100005120763247
05/17/10,0.9990414573313487
05/14/10,0.9976501699104805
05/13/10,1.0460101268805284
05/12/10,1.0137591850564698
05/11/10,0.9790499280676279
05/10/10,1.0865635765504214
05/07/10,1.0072191676030724
05/06/10,0.9980334004168722
05/05/10,0.9806899275362019
05/04/10,0.9866058275510965
05/03/10,1.0050467757934982
04/30/10,0.9987260189170242
04/29/10,1.0178134379334527
04/28/10,1.0135034909101477
04/27/10,0.9918703364469256
04/26/10,1.0019264041129534
04/23/10,1.0026952444688597
04/22/10,0.9936930534366586
04/21/10,1.0071217788492541
04/20/10,1.0168121387187203
04/19/10,0.9969053749725345
04/16/10,0.8933747738421624
04/15/10,1.0127747059178405
04/14/10,1.0132251325564852
04/13/10,1.0013007995989252
04/12/10,1.0059954214661386
04/09/10,1.0019999963028556
04/08/10,1.0012184490465181
04/07/10,0.9987585803687863
04/06/10,0.9965656717253032
04/05/10,1.0093913665109635
04/01/10,1.0169322791509159
03/31/10,0.9961357413269026
03/30/10,1.0033526546202245
03/29/10,1.0031029361868777
03/26/10,1.0105004198900345
03/25/10,1.0080707874792396
03/24/10,0.9892731782732636
03/23/10,1.0003482324923403
03/22/10,0.9880931967737141
03/19/10,0.9793785407376778
03/18/10,0.9990265594352713
03/17/10,1.0129805990208078
03/16/10,0.9972009623304758
03/15/10,0.9575756912501648
03/12/10,1.0261147295670041
03/11/10,0.9943943780696719
03/10/10,1.0147585382920559
03/09/10,0.9926392068449204
03/08/10,1.0040225473763817
03/05/10,1.0264026910523623
03/04/10,1.0063320760279244
03/03/10,1.006810266424537
03/02/10,1.0124856838304632
03/01/10,1.0111205507110717
02/26/10,1.0057650413242896
02/25/10,0.985613996839763
02/24/10,0.997921668056993
02/23/10,1.0027375273396721
02/22/10,1.0263973964714792
02/19/10,0.9920862793101353
02/18/10,0.9995078460793213
02/17/10,1.004588958777217
02/16/10,1.0160820644327286
02/12/10,0.9891980831786915
02/11/10,0.9977670761225741
02/10/10,0.9931549216767588
02/09/10,1.0247793067828426
02/08/10,1.0065595957043876
02/05/10,1.0081567356511791
02/04/10,0.9878592128211418
02/03/10,0.9927649640161539
02/02/10,1.0092867225598658
02/01/10,1.019604640839261
01/29/10,1.017737561650933
01/28/10,1.0108262585937249
01/27/10,0.9977555581905019
01/26/10,0.9944738074718513
01/25/10,0.9895514311875174
01/22/10,0.9385383383117226
01/21/10,1.0124513070764973
01/20/10,0.9964126674567537
01/19/10,1.0061421982610987
01/15/10,1.0138454230124996
01/14/10,0.9911219297988455
01/13/10,0.9545672819933025
01/12/10,0.9904764397878735
01/11/10,1.010114216161516
01/08/10,0.9949233969071101
01/07/10,1.0057521445162068
01/06/10,1.007999740916953
01/05/10,1.0033735663260661
01/04/10,1.0245070749577943
12/31/09,1.0084942294864476
12/30/09,0.9990909630238136
12/29/09,1.0080103355693208
12/28/09,1.0122934489064412
12/24/09,1.0060912894889564
12/23/09,1.0099266122288455
12/22/09,1.0108949601239268
12/21/09,1.0059944360727493
12/18/09,1.0090446394552288
12/17/09,0.9975791201489922
12/16/09,1.0204289893931882
12/15/09,0.9938338785365749
12/14/09,1.0184091168778961
12/11/09,1.0127629632195663
12/10/09,1.0068265121155089
12/09/09,1.00353477819937
12/08/09,0.9926089017930503
12/07/09,0.999262326511401
12/04/09,1.02688249088935
12/03/09,1.0072136517442531
12/02/09,1.0058350220614674
12/01/09,1.019616211217545
11/30/09,1.0050042731659534
11/27/09,0.9550381811121696
11/25/09,1.01339904586318
11/24/09,1.0025844543560263
11/23/09,1.024936804384888
11/20/09,0.9898060299201463
11/19/09,0.9920012208412229
11/18/09,0.9990879820187567
11/17/09,0.9971014753958114
11/16/09,1.012324032706853
11/13/09,1.0070768614889598
11/12/09,0.9984911305140614
11/11/09,1.0151404052041075
11/10/09,1.002782985684224
11/09/09,1.0178023377013596
11/06/09,0.9986065169559515
11/05/09,1.0137082285225745
11/04/09,1.0150786159143257
11/03/09,0.9870784041229363
11/02/09,1.0055848916844845
10/30/09,0.9981852766877847
10/29/09,1.012041302932506
10/28/09,1.000466338968822
10/27/09,0.9902959753666536
10/26/09,1.009448423091328
10/23/09,1.0061913504394921
10/22/09,0.9980040155888219
10/21/09,0.9954322095215657
10/20/09,1.0003680389632343
10/19/09,1.0123402428396042
10/16/09,1.0678126458942967
10/15/09,0.9961284411311983
10/14/09,1.026163603257966
10/13/09,1.0033371192246472
10/12/09,1.029804875044781
10/09/09,1.0116170499796717
10/08/09,1.0098528066349464
10/07/09,1.003043561351172
10/06/09,1.0150319158876207
10/05/09,1.0146834209933633
10/02/09,0.9877821708744988
10/01/09,0.9904931025052263
09/30/09,1.0079032261050458
09/29/09,1.0060158525053997
09/28/09,1.0115937625091755
09/25/09,0.9920054137448603
09/24/09,1.0100729392092178
09/23/09,1.008899915029273
09/22/09,1.0177904385778764
09/21/09,0.9868463901761858
09/18/09,1.022560749229106
09/17/09,1.011348047266388
09/16/09,1.0114746257225595
09/15/09,1.0018314273592173
09/14/09,0.9950882817114994
09/11/09,0.9997043766882306
09/10/09,1.0135639850362312
09/09/09,1.0039207125738672
09/08/09,1.01497627098095
09/04/09,1.0022188810492911
09/03/09,1.0144182815988123
09/02/09,1.0022635967792628
09/01/09,0.9933704760708487
08/31/09,0.980633892997681
08/28/09,1.0157458668635153
08/27/09,1.0044810500098778
08/26/09,1.0079035391817137
08/25/09,1.0037084153688653
08/24/09,1.0110796161325273
08/21/09,1.0243067548081464
08/20/09,1.0382098612605595
08/19/09,0.9782158290216537
08/18/09,1.0029450576116152
08/17/09,0.96500651525831
08/14/09,1.0041652423712404
08/13/09,1.0175853772964345
08/12/09,1.008483095561435
08/11/09,0.9891096402989488
08/10/09,0.9934156780098511
08/07/09,1.0256046758772466
08/06/09,1.0160229399682765
08/05/09,1.012016008225037
08/04/09,0.9894269867935697
08/03/09,1.0277113244648173
07/31/09,1.0214970742295812
07/30/09,1.0312333545080974
07/29/09,0.9900748715767104
07/28/09,0.9848966372957089
07/27/09,0.9989525505136184
07/24/09,0.994996130292847
07/23/09,1.0066341267755385
07/22/09,1.0024677847108427
07/21/09,1.0055835353550218
07/20/09,1.000278334522565
07/17/09,0.9585764713836378
07/16/09,0.9951921879978136
07/15/09,1.0254287366993726
07/14/09,0.9992161591051596
07/13/09,1.0105508984229872
07/10/09,0.9980485863513773
07/09/09,1.0200558086951772
07/08/09,1.019010037834771
07/07/09,0.9953039517206069
07/06/09,0.9922470307605846
07/02/09,0.9848942503923531
07/01/09,1.0143940601291601
06/30/09,1.0013392381989974
06/29/09,1.0052007899893882
06/26/09,0.9919363649276568
06/25/09,0.9907987738109396
06/24/09,1.017100770209534
06/23/09,0.998559707604607
06/22/09,0.9870359174652604
06/19/09,1.022065390722226
06/18/09,1.0045076075437371
06/17/09,1.00291427167006
06/16/09,1.0142011720170063
06/15/09,0.9862607730603002
06/12/09,0.992013284409142
06/11/09,0.998158880448705
06/10/09,1.004803431437385
06/09/09,1.0011330350449594
06/08/09,0.9802822216801899
06/05/09,1.0237805566268774
06/04/09,1.0189286790320344
06/03/09,0.9907842502580115
06/02/09,1.0005449357891865
06/01/09,1.0091974042286513
05/29/09,1.0103416635952558
05/28/09,1.0174016134751847
05/27/09,1.0083374079447183
05/26/09,0.9941140640252027
05/22/09,1.0028078190582113
05/21/09,0.9975643568444753
05/20/09,1.0181112334375033
05/19/09,0.9982667776411667
05/18/09,1.0262806917177456
05/15/09,1.0205991859494457
05/14/09,0.9981968103045847
05/13/09,0.977314379526657
05/12/09,1.0119613231233116
05/11/09,0.9797353055133353
05/08/09,1.0334981755361112
05/07/09,1.0051260678015745
05/06/09,1.0208778249400146
05/05/09,0.9920393469863608
05/04/09,1.024781874840035
05/01/09,0.9972474001764693
04/30/09,1.0239393421061869
04/29/09,1.0137914820735583
04/28/09,0.9905882246268105
04/27/09,0.975528718758299
04/24/09,1.009077689997116
04/23/09,1.0210362763068583
04/22/09,1.003469509805792
04/21/09,0.9854793814203362
04/20/09,0.9709165178180174
04/17/09,0.9879919452317121
04/16/09,1.012550677285193
04/15/09,0.9921774310605089
04/14/09,0.9958052052124665
04/13/09,0.9957119059218726
04/09/09,1.0434780184947654
04/08/09,1.02907302699296
04/07/09,0.9713372306845295
04/06/09,0.9869489776071009
04/03/09,1.0130454736541665
04/02/09,1.0541292696829547
04/01/09,0.9773820055213371
03/31/09,1.038454212812394
03/30/09,0.9723471481994358
03/27/09,0.9833564778352337
03/26/09,1.0547162822555312
03/25/09,1.0206263148825363
03/24/09,0.9899397377221449
03/23/09,1.0226166435287374
03/20/09,1.004184496904608
03/19/09,0.9934656476609974
03/18/09,0.9988357268556541
03/17/09,1.0050686604880834
03/16/09,1.0116885512834928
03/13/09,1.0179030763278603
03/12/09,0.9996699485888455
03/11/09,1.0145380598198919
03/10/09,1.0526539486442212
03/09/09,0.9462681498210479
03/06/09,1.0123492811254224
03/05/09,0.9866831254911143
03/04/09,0.9877298490868737
03/03/09,1.0198072831640952
03/02/09,0.9743975870608442
02/27/09,0.9768844691568059
02/26/09,1.0273150472083323
02/25/09,0.9828753113475572
02/24/09,1.0078227864674816
02/23/09,1.0051782221843406
02/20/09,0.9751811501860354
02/19/09,1.026719557715879
02/18/09,1.0287587621671854
02/17/09,0.9394794382362195
02/13/09,0.9972576644458926
02/12/09,0.9747131694375676
02/11/09,1.004457046005173
02/10/09,0.9872532596926465
02/09/09,1.0019999960421637
02/06/09,1.0175079677592964
02/05/09,0.9898012923232444
02/04/09,0.9997653115526772
02/03/09,1.0137568917133388
02/02/09,0.9769255594882085
01/30/09,1.009988774252902
01/29/09,0.9782861893203397
01/28/09,1.041257341353995
01/27/09,1.0179483041539663
01/26/09,1.0029248880292312
01/23/09,1.0200932403983618
01/22/09,0.9687081939612929
01/21/09,1.041650455392424
01/20/09,0.9984592703739156
01/16/09,1.0423760974136864
01/15/09,0.9793838319175356
01/14/09,0.9744846255136062
01/13/09,0.9961096832121683
01/12/09,1.0098790173835017
01/09/09,1.0162213934078848
01/08/09,0.9788098968452293
01/07/09,0.9676005382126294
01/06/09,1.0320864482189496
01/05/09,1.0000061433106398
01/02/09,1.0081819546179887
12/31/08,1.0091993427380253
12/30/08,1.0247514749630073
12/29/08,1.001066931694156
12/26/08,1.0094015269719836
12/24/08,1.025243154559617
12/23/08,1.0243708630994517
12/22/08,0.9916081121775918
12/19/08,1.006581012038169
12/18/08,1.011272122542313
12/17/08,0.9611328212896617
12/16/08,1.026809785971899
12/15/08,0.9909045217232006
12/12/08,0.9719252827043244
12/11/08,0.9718552995308716
12/10/08,1.0233961804898404
12/09/08,0.972709806456014
12/08/08,1.0442972997183353
12/05/08,0.9777721392417261
12/04/08,0.9812227793696584
12/03/08,0.9637225140358251
12/02/08,1.030149326932444
12/01/08,0.9590842995503901
11/28/08,0.991650367359751
11/26/08,0.9894364429176319
11/25/08,1.0894086377437489
11/24/08,1.0541041060834395
11/21/08,1.024753597876668
11/20/08,0.9642008874794358
11/19/08,0.9883355394202161
11/18/08,1.011672430178299
11/17/08,0.9566673773726558
11/14/08,0.9453553528239627
11/13/08,1.007297353244242
11/12/08,0.9415143703158152
11/11/08,0.9386327455090981
11/10/08,0.9830162991563489
11/07/08,1.0134840828676168
11/06/08,0.9887211096301788
11/05/08,0.9758660121682804
11/04/08,1.042156858473958
11/03/08,0.9920836346086683
10/31/08,0.9823523746011653
10/30/08,1.060494133342106
10/29/08,0.9859297234307494
10/28/08,1.0600870489637648
10/27/08,0.9755654047090387
10/24/08,0.8551116129234805
10/23/08,0.9906298316772087
10/22/08,0.9702108165494376
10/21/08,0.9654242713915179
10/20/08,1.0407459512246364
10/17/08,1.1491075165038687
10/16/08,0.9641641362415704
10/15/08,0.957512303273389
10/14/08,1.0677315303937418
10/13/08,1.1454566312148644
10/10/08,0.9057277563282001
10/09/08,1.0399546552009873
10/08/08,0.9102924183731654
10/07/08,1.0134334013384376
10/06/08,0.9350959289124444
10/03/08,1.037170621207728
10/02/08,0.9926153253764294
10/01/08,1.0551340625935341
09/30/08,1.0807138674381138
09/29/08,0.9484480169960146
09/26/08,0.949171895041953
09/25/08,1.0191622047349014
09/24/08,1.0069902126725083
09/23/08,1.0164748808820423
09/22/08,1.0241974956504212
09/19/08,1.1019449217773924
09/18/08,1.041364772273245
09/17/08,0.9818864536620655
09/16/08,0.9655462378484186
09/15/08,0.9395147412059193
09/12/08,0.9856608493363281
09/11/08,0.9739151735765925
09/10/08,1.0297829579116349
09/09/08,1.0173505001268177
09/08/08,1.0370151968774892
09/05/08,0.9807910059852297
09/04/08,0.9829891981550113
09/03/08,1.016974680601722
09/02/08,1.0602506580555136
08/29/08,0.9849709878878106
08/28/08,1.0187054789623882
08/27/08,1.0001844001960347
08/26/08,1.00386511209618
08/25/08,0.9837179437749568
08/22/08,1.022450853283316
08/21/08,0.9934140919460858
08/20/08,1.0192240684371465
08/19/08,0.9703810364065356
08/18/08,1.0007834688004615
08/15/08,1.0079407168864036
08/14/08,0.9926712822358571
08/13/08,0.9979769681288246
08/12/08,1.006636856221271
08/11/08,0.9917273064244783
08/08/08,1.0063038448425567
08/07/08,0.9841345665056751
08/06/08,0.9958251791315421
08/05/08,1.0218469792780605
08/04/08,1.0031125771271592
08/01/08,0.9967600109949863
07/31/08,0.9682392564258956
07/30/08,1.011904111892411
07/29/08,1.011147242046654
07/28/08,1.0024476176240742
07/25/08,1.0477545900156564
07/24/08,1.0326098201234597
07/23/08,1.0208825187669615
07/22/08,0.9931173979004795
07/21/08,1.000169877714707
07/18/08,0.8703072955545524
07/17/08,0.9966176759969888
07/16/08,0.9940476550914974
07/15/08,0.9815050504378268
07/14/08,1.021502516475639
07/11/08,0.9869267335086435
07/10/08,1.0147540143950413
07/09/08,0.9883893040489579
07/08/08,1.0096558689334798
07/07/08,1.021759045284564
07/03/08,1.016586604657041
07/02/08,1.0086640811648517
07/01/08,0.9759871767865823
06/30/08,1.0186810301992408
06/27/08,0.9976842039494186
06/26/08,0.9769294572912649
06/25/08,1.0118568111472768
06/24/08,1.0017428726863196
06/23/08,0.9980798483970861
06/20/08,0.9904924964638692
06/19/08,0.9769741941142908
06/18/08,0.9845977115596581
06/17/08,1.014372526257477
06/16/08,0.9844498245694984
06/13/08,1.0329197904786618
06/12/08,1.0150726590206378
06/11/08,1.0094780487073194
06/10/08,0.9721782422018171
06/09/08,1.005742672320192
06/06/08,0.9796342412623021
06/05/08,1.0190034857978163
06/04/08,0.9950478624498472
06/03/08,1.0072227721736027
06/02/08,0.9907221507006477
05/30/08,1.0036140158480449
05/29/08,1.0250768112585438
05/28/08,1.0271274772176886
05/27/08,1.0032498791540194
05/23/08,0.9928910652051375
05/22/08,1.009134366110519
05/21/08,1.001723156350952
05/20/08,0.9919816731207065
05/19/08,0.9967539471994118
05/16/08,1.003481723678023
05/15/08,1.0113795701790118
05/14/08,1.0139846017894767
05/13/08,1.0064152364872443
05/12/08,1.0074137756256616
05/09/08,0.988230147957613
05/08/08,1.0268952773784301
05/07/08,1.0153498085461972
05/06/08,0.988875440613419
05/05/08,1.0625122208097528
05/02/08,1.0202618976598183
05/01/08,1.0160139544416982
04/30/08,1.0154072758780799
04/29/08,0.9973225271154387
04/28/08,1.0086972304282769
04/25/08,1.0240463038689076
04/24/08,1.0195840972274346
04/23/08,1.0126051692085338
04/22/08,1.0011810250193036
04/21/08,1.0019258783802465
04/18/08,1.3835262408674822
04/17/08,1.0046397720637428
04/16/08,0.9910679921881633
04/15/08,1.0306784853523185
04/14/08,1.0007308677123312
04/11/08,0.9806176319031836
04/10/08,1.005320905632523
04/09/08,1.0076489270124755
04/08/08,0.9861291723288331
04/07/08,1.0272433187291434
04/04/08,1.0103137749548068
04/03/08,0.9849333747202519
04/02/08,1.0200120002868336
04/01/08,1.0350432356410468
03/31/08,0.9908493884628823
03/28/08,1.017237669303968
03/27/08,0.948737461938842
03/26/08,1.0100384773895568
03/25/08,0.9885247247317721
03/24/08,1.024534230469117
03/20/08,0.980311601399857
03/19/08,1.0108894733358784
03/18/08,1.0454378129871975
03/17/08,0.9566039266214863
03/14/08,1.001864476548093
03/13/08,0.9678434358442028
03/12/08,1.002773673671283
03/11/08,1.0583397926787883
03/10/08,0.9811184437936685
03/07/08,0.9843256764869832
03/06/08,1.0019553474532419
03/05/08,1.0049268117387693
03/04/08,0.9754100534770321
03/03/08,1.0034021364597778
02/29/08,0.9871762516268668
02/28/08,0.9920081659576943
02/27/08,0.984489708703098
02/26/08,0.8981218445320989
02/25/08,0.9947064340511184
02/22/08,0.9988149578815938
02/21/08,1.0171427463615945
02/20/08,0.9806011868647173
02/19/08,1.022033624222469
02/15/08,0.9871801017799626
02/14/08,1.015967763144431
02/13/08,1.019040946480306
02/12/08,1.0105664167785777
02/11/08,1.0168398638352536
02/08/08,1.0196828396561919
02/07/08,0.9826468264633246
02/06/08,1.0191441914005788
02/05/08,0.9777543771281847
02/04/08,0.9754954887090075
02/01/08,0.8755933686662971
01/31/08,0.9681873099738108
01/30/08,0.9971632321606261
01/29/08,1.0181679341825827
01/28/08,1.0181530829883476
01/25/08,1.0623572062894018
01/24/08,1.0391485701061194
01/23/08,0.9210085594901052
01/22/08,0.8745255372585586
01/18/08,1.027225406809269
01/17/08,1.0176338141935373
01/16/08,0.974747823549684
01/15/08,0.9777488717534428
01/14/08,1.0424320592808523
01/11/08,0.9895248305835962
01/10/08,0.9768983546613647
01/09/08,0.9968021934234851
01/08/08,1.0135632310064335
01/07/08,0.9926757729297728
01/04/08,0.9855242617791447
01/03/08,1.0022044196658149
01/02/08,1.006024435372131
12/31/07,0.9907152501082628
12/28/07,1.0139706408246365
12/27/07,0.9913822277275096
12/26/07,0.9970289065078635
12/24/07,0.997114862253244
12/21/07,1.025773573921879
12/20/07,1.027003936562506
12/19/07,1.0045568335865835
12/18/07,1.016747990039419
12/17/07,0.996312781850115
12/14/07,0.9831352884103828
12/13/07,0.9932974066345577
12/12/07,1.0443764830723512
12/11/07,1.00623579488316
12/10/07,1.0051366459058184
12/07/07,1.001244304976752
12/06/07,0.99996492758696
12/05/07,1.0270777532133086
12/04/07,0.9925413090730107
12/03/07,0.9962511848974047
11/30/07,1.0422124372938832
11/29/07,0.9976331927225676
11/28/07,1.0273826199859948
11/27/07,1.0284528888190803
11/26/07,1.0123546855808039
11/23/07,1.030733301819235
11/21/07,0.98727548598782
11/20/07,1.0360036607954413
11/19/07,0.9892353606458674
11/16/07,1.0156402629291679
11/15/07,0.992296996300384
11/14/07,1.0405822800986173
11/13/07,1.0429222701289018
11/12/07,0.9832151725143131
11/09/07,0.9498898471956428
11/08/07,1.0065342542962084
11/07/07,1.0002187517097356
11/06/07,1.0348586073275456
11/05/07,0.9900091431502573
11/02/07,1.0227825960146397
11/01/07,0.9900786257135253
10/31/07,1.0190586349502593
10/30/07,0.9969302395895214
10/29/07,1.0114074957998505
10/26/07,1.0185308620661815
10/25/07,1.0104722086948603
10/24/07,0.9929345789887243
10/23/07,1.03430261325046
10/22/07,0.9832441230542962
10/19/07,1.0487619683356337
10/18/07,1.0080994140380415
10/17/07,1.0489625567721617
10/16/07,0.9967698867388984
10/15/07,1.0053922773589337
10/12/07,1.008372893471563
10/11/07,1.0284098712918084
10/10/07,1.0221117724036473
10/09/07,1.0200293783367937
10/08/07,1.005201649163938
10/05/07,1.0299367837484743
10/04/07,1.0056680410588315
10/03/07,1.0083718835020359
10/02/07,1.0048524023743186
10/01/07,1.0115288808800715
09/28/07,1.0002362109069678
09/27/07,1.014579564445294
09/26/07,1.0069258459061334
09/25/07,0.9878313521202372
09/24/07,1.0052170295733294
09/21/07,1.014710971109333
09/20/07,1.0025490466738312
09/19/07,1.0169606099899073
09/18/07,1.0066496472941533
09/17/07,0.99359436062079
09/14/07,0.9959724227723333
09/13/07,1.0074009328304094
09/12/07,0.9989276820860422
09/11/07,1.0117673572776928
09/10/07,1.0094397862664186
09/07/07,0.9803555508609116
09/06/07,1.0079173353960096
09/05/07,0.9953285565488638
09/04/07,1.00110639986025
08/31/07,1.0086551120405811
08/30/07,0.9999701699079416
08/29/07,1.0076929209238825
08/28/07,0.9952520275032659
08/27/07,0.9997841964243419
08/24/07,1.0036417545284253
08/23/07,1.0146893837813975
08/22/07,1.015238402059564
08/21/07,1.0061011963678606
08/20/07,1.0116888468805745
08/17/07,1.026112614221935
08/16/07,0.9797488920474829
08/15/07,1.0035744848607318
08/14/07,1.0028543887402157
08/13/07,1.0167118607466472
08/10/07,0.9843032234089932
08/09/07,0.9830379199668472
08/08/07,1.01488040263151
08/07/07,1.0010186747618512
08/06/07,1.0020000025313516
08/03/07,0.9982389553120616
08/02/07,1.005044259211955
08/01/07,1.0039627678090013
07/31/07,1.0179815521674098
07/30/07,1.0060283252492002
07/27/07,1.0040886799995488
07/26/07,0.9979941781548584
07/25/07,1.0136069287967915
07/24/07,0.9894608285080624
07/23/07,0.9977275652680164
07/20/07,0.8681050764141622
07/19/07,1.0164274320367745
07/18/07,0.9979960699689073
07/17/07,1.0094217003340646
07/16/07,0.9952561824353789
07/13/07,1.011471650436267
07/12/07,1.0071108252459648
07/11/07,1.0029948076313953
07/10/07,1.0065385838021517
07/09/07,1.015361482362894
07/06/07,1.0005953503004406
07/05/07,1.0065707514504665
07/03/07,1.004566872194367
07/02/07,1.0126860895927972
06/29/07,1.005851381108749
06/28/07,0.9966364183192654
06/27/07,0.9821406104508758
06/26/07,1.0221558518025182
06/25/07,1.0172538485093106
06/22/07,1.0109954592361123
06/21/07,1.0059649620725346
06/20/07,1.0123152619043916
06/19/07,0.9973758496259371
06/18/07,1.0031476131469275
06/15/07,1.023300394470634
06/14/07,1.0025548201103196
06/13/07,1.0112015150969564
06/12/07,0.9917030176336922
06/11/07,0.9962911156005643
06/08/07,1.0064310940334407
06/07/07,1.007794679887666
06/06/07,0.993935432933451
06/05/07,1.0125810638923134
06/04/07,0.9920380827123375
06/01/07,1.014424290296131
05/31/07,1.0098699475951092
05/30/07,0.9912730360299209
05/29/07,1.0081279520257496
05/25/07,1.0246651010521808
05/24/07,1.0069842170803462
05/23/07,1.0228673989322912
05/22/07,1.0122100097686884
05/21/07,0.99863723171046
05/18/07,1.0065484747354763
05/17/07,1.0013645736807137
05/16/07,1.0194847729711365
05/15/07,1.0027803465206397
05/14/07,0.9965955120172556
05/11/07,1.0035617378103834
05/10/07,0.9925712766762836
05/09/07,0.9991694851198871
05/08/07,0.9971157229883453
05/07/07,1.0063344970243016
05/04/07,0.9888431300339466
05/03/07,1.0038911880578567
05/02/07,1.0005059630237374
05/01/07,1.0054401574483782
04/30/07,1.0025852007092586
04/27/07,0.9973818146639191
04/26/07,1.0024607188024022
04/25/07,1.0123551521789023
04/24/07,1.0000360006696833
04/23/07,0.9921243960167023
04/20/07,1.0820969633618704
04/19/07,0.9956492438693381
04/18/07,0.9954790065701944
04/17/07,1.0000159561999777
04/16/07,1.011316816789715
04/13/07,1.006540312281564
04/12/07,0.9997158684411409
04/11/07,1.000111734155245
04/10/07,0.9972110542315916
04/09/07,1.0082415121413568
04/05/07,1.0031899970934455
04/04/07,1.0000513758227598
04/03/07,1.0261008946160184
04/02/07,1.0002520367493952
03/30/07,1.0071251999374138
03/29/07,1.0135730238973937
03/28/07,0.9944431490131819
03/27/07,0.9957572225555488
03/26/07,0.9964513469334458
03/23/07,0.9994435408099891
03/22/07,0.9978780327019907
03/21/07,1.0020899300913488
03/20/07,0.9955538782647688
03/19/07,1.0128988747616956
03/16/07,0.9995771752983941
03/15/07,1.0013744242651132
03/14/07,1.002903760422731
03/13/07,0.9815727430616554
03/12/07,1.0002763794865372
03/09/07,1.0164407932467414
03/08/07,1.0177298268961517
03/07/07,1.0244898848922213
03/06/07,1.0316021485975089
03/05/07,0.9944242379767257
03/02/07,0.9880647091156685
03/01/07,0.9717996787201933
02/28/07,1.0093161920753626
02/27/07,0.9592410724133806
02/26/07,1.0114012774901036
02/23/07,1.001579223354159
02/22/07,1.0139062574275257
02/21/07,0.9924161987718886
02/20/07,0.9957376395763095
02/16/07,1.0077698610261616
02/15/07,1.0023007513990418
02/14/07,1.0059246276265779
02/13/07,1.0057567982118616
02/12/07,0.9967554470731278
02/09/07,1.0046351216645908
02/08/07,0.9936514672836455
02/07/07,1.0119360103184603
02/06/07,1.0060283513850152
02/05/07,0.9853685818662288
02/02/07,1.0055738535712473
02/01/07,1.0199640649011423
01/31/07,1.0107885185319465
01/30/07,1.0082198126678825
01/29/07,1.010721252179423
01/26/07,1.0136487564988492
01/25/07,1.009742113748503
01/24/07,1.0245671076833227
01/23/07,1.001791729433592
01/22/07,1.0132415100576977
01/19/07,1.0026156047936798
01/18/07,0.9908885081600947
01/17/07,0.9984667583405482
01/16/07,1.012109185437496
01/12/07,1.0110942229093256
01/11/07,1.0336582882255236
01/10/07,0.9975878683013476
01/09/07,1.009741672565059
01/08/07,1.0040546647031028
01/05/07,0.9988515136415295
01/04/07,1.008036907947107
01/03/07,1.025998834000509
12/29/06,1.0000090803115906
12/28/06,0.9981075458208181
12/27/06,1.012807938458697
12/26/06,1.0061307508178323
12/22/06,1.007705049465926
12/21/06,1.0075358281915525
12/20/06,1.0078527413249772
12/19/06,0.9973281304607591
12/18/06,1.0112118018543923
12/15/06,1.0041593335146917
12/14/06,1.0072663920770004
12/13/06,1.014092176360692
12/12/06,1.0016689964892809
12/11/06,1.0053496949052945
12/08/06,0.999096380458355
12/07/06,1.0082266323506273
12/06/06,1.001835547181811
12/05/06,1.0125291908622065
12/04/06,1.0111605145121139
12/01/06,1.0068314080102698
11/30/06,1.0000998251267512
11/29/06,1.0213860306815072
11/28/06,0.9870495621254541
11/27/06,0.9876094646644847
11/24/06,0.9881674561458094
11/22/06,1.0071852960986396
11/21/06,1.0080256102213385
11/20/06,1.0004346241824742
11/17/06,0.9913016660700983
11/16/06,1.0144939210308754
11/15/06,1.0188980822022888
11/14/06,1.0006265775352896
11/13/06,1.007707367601452
11/10/06,1.0068711861707027
11/09/06,1.0083221733614234
11/08/06,0.9925952094966987
11/07/06,1.0020000027787435
11/06/06,1.010359356349697
11/03/06,1.0118841209579978
11/02/06,1.0019999966940294
11/01/06,1.011959759680908
10/31/06,1.0082592681009483
10/30/06,1.0003991185822356
10/27/06,0.9970475936120766
10/26/06,1.0064433636360424
10/25/06,1.0196805386856704
10/24/06,0.9832617422534323
10/23/06,1.0133673150540472
10/20/06,1.1567337688387656
10/19/06,1.0063925571469001
10/18/06,1.0131847402928151
10/17/06,0.9951170413480198
10/16/06,1.003874203134599
10/13/06,1.0034986978217242
10/12/06,1.0116696824370186
10/11/06,0.9943513432514457
10/10/06,1.013946692002392
10/09/06,1.0224722615162651
10/06/06,0.9942703547760585
10/05/06,0.9971839705524943
10/04/06,1.0066080354137548
10/03/06,1.0012519161322615
10/02/06,1.0020000040647654
09/29/06,1.0096889727383611
09/28/06,1.0077637337634602
09/27/06,0.9991953240343406
09/26/06,1.0095325970814717
09/25/06,1.0109246400955278
09/22/06,0.9927982792582339
09/21/06,1.0186412197615007
09/20/06,1.0183110628872245
09/19/06,1.0057173079888395
09/18/06,1.0025861988415878
09/15/06,1.0193449622584148
09/14/06,0.9908223348428137
09/13/06,1.0186024047334696
09/12/06,1.0067432869470643
09/11/06,1.0041722327794698
09/08/06,0.9926376575998369
09/07/06,0.998050173086808
09/06/06,0.9902284485538512
09/05/06,1.0087156385266962
09/01/06,1.0150105999032537
08/31/06,1.0058909859530454
08/30/06,1.0033736032158145
08/29/06,1.001106566233478
08/28/06,1.0146043092839834
08/25/06,0.998518020121937
08/24/06,1.007414705138847
08/23/06,0.9985599903529053
08/22/06,1.0042815292254157
08/21/06,0.9745309960336641
08/18/06,1.0046466144615342
08/17/06,0.9951324715587992
08/16/06,1.0151901338128468
08/15/06,1.0273617387841747
08/14/06,1.0182985201344708
08/11/06,1.0030699937966463
08/10/06,0.9857477006303947
08/09/06,1.0114584040458072
08/08/06,1.0277963309194698
08/07/06,0.9894155777053913
08/04/06,1.0242392198183061
08/03/06,0.9897337858668016
08/02/06,1.0024798078701767
08/01/06,0.9942840667924258
07/31/06,1.0013810898349194
07/28/06,0.99990589464184
07/27/06,1.011711331711105
07/26/06,0.9960355316337924
07/25/06,0.9718855505099108
07/24/06,1.015907464290654
07/21/06,0.9969318648371022
07/20/06,1.0284926354926673
07/19/06,0.9620642994589017
07/18/06,1.0111290960366641
07/17/06,1.007606659258899
07/14/06,1.0093454307410363
07/13/06,0.9864061293749118
07/12/06,0.9903528953321928
07/11/06,1.0034840006174115
07/10/06,1.016237017990528
07/07/06,1.0155298237520674
07/06/06,1.011120210596394
07/05/06,0.9940526461997868
07/03/06,1.005389678429222
06/30/06,0.991410427856492
06/29/06,1.0112678675461768
06/28/06,1.0104096608976398
06/27/06,1.009379598139329
06/26/06,1.0113460138814032
06/23/06,1.016065768603883
06/22/06,0.9992618505954398
06/21/06,1.0221145409570092
06/20/06,1.001432628850498
06/19/06,1.0027686480203533
06/16/06,0.9922715663335129
06/15/06,1.0136144413124097
06/14/06,1.0191443023534907
06/13/06,0.9986418546352673
06/12/06,1.011166491895278
06/09/06,0.996349754095984
06/08/06,1.008422712439642
06/07/06,1.0186837162704157
06/06/06,1.0134418852755236
06/05/06,0.9847995622790413
06/02/06,1.0240805680626421
06/01/06,1.0112611206869386
05/31/06,1.0120116294286194
05/30/06,0.9858832175707508
05/26/06,1.0101545487117598
05/25/06,0.9906050201566262
05/24/06,1.0114348822417654
05/23/06,1.0195941085486997
05/22/06,0.9902591843299186
05/19/06,1.0143576050112566
05/18/06,1.024879946763678
05/17/06,0.9982795285131593
05/16/06,1.0008825548265428
05/15/06,1.01163191934736
05/12/06,0.9841009655614062
05/11/06,1.004186049862126
05/10/06,0.9996004038332689
05/09/06,1.0066654853544552
05/08/06,1.0061126546800059
05/05/06,1.0164539519340892
05/04/06,1.0063680832703827
05/03/06,1.0098599701253224
05/02/06,1.0129410686728146
05/01/06,1.0045387610903183
04/28/06,0.9953271305330175
04/27/06,0.9876183774378693
04/26/06,1.00471826008708
04/25/06,0.9980459468610041
04/24/06,1.0125344401453402
04/21/06,1.1655368563877126
04/20/06,1.0044872228046844
04/19/06,1.0432543282119136
04/18/06,1.0074623212315574
04/17/06,1.0084217916450542
04/13/06,1.000433394681061
04/12/06,0.998774611525987
04/11/06,1.0021923492315157
04/10/06,1.006534766794246
04/07/06,1.0079887392735396
04/06/06,0.9946395914723786
04/05/06,1.0211119080785247
04/04/06,1.0030275973669034
04/03/06,0.9995874090369109
03/31/06,1.0035462355960512
03/30/06,0.9726527757897592
03/29/06,1.016542627092495
03/28/06,1.0129389718989026
03/27/06,1.0090601069132907
03/24/06,1.1585222845238636
03/23/06,1.0145339765284458
03/22/06,1.0009987248639214
03/21/06,1.0124645115503226
03/20/06,1.0170242173881046
03/17/06,1.0021773995557586
03/16/06,1.0258844317905609
03/15/06,0.9997765398825627
03/14/06,1.0024752330433377
03/13/06,1.0223463334885596
03/10/06,1.0049184036963932
03/09/06,1.0105425188804769
03/08/06,0.9442114552678761
03/07/06,0.9852486141925595
03/06/06,1.0164519084524866
03/03/06,1.0437470674034919
03/02/06,0.9991462209016411
03/01/06,1.034794314873205
02/28/06,1.0164619529637666
02/27/06,1.022529309847859
02/24/06,0.997922630097379
02/23/06,1.002657234191528
02/22/06,1.0050581445127695
02/21/06,0.9894587263490225
02/17/06,1.0205744395969414
02/16/06,1.0212376001404662
02/15/06,0.9900457644440227
02/14/06,0.9998574395388324
02/13/06,0.9138282665012404
02/10/06,1.0197449469675706
02/09/06,1.01349954765497
02/08/06,1.0050472603324565
02/07/06,0.9910308938857821
02/06/06,1.0217288598690761
02/03/06,0.9897667060870184
02/02/06,1.0121649466145888
02/01/06,0.8001157147160552
01/31/06,1.0195895102956392
01/30/06,0.9823258283101921
01/27/06,1.0053654173295576
01/26/06,1.0322381379156524
01/25/06,1.0391904513777714
01/24/06,1.0419464421834168
01/23/06,1.0416931139182688
01/20/06,1.0123208175239287
01/19/06,1.0301687035897602
01/18/06,0.9170957662956172
01/17/06,0.9883026122222652
01/13/06,1.0049363036428856
01/12/06,1.0108718225986923
01/11/06,1.0084352601715072
01/10/06,0.9913660052615932
01/09/06,1.0052244216597352
01/06/06,1.0269784252617429
01/05/06,1.0054173467931136
01/04/06,1.0418808920627831
01/03/06,1.0389649584451086
12/30/05,0.9882769675323567
12/29/05,1.0080526114338055
12/28/05,1.0005855783351232
12/27/05,1.0063204982185374
12/23/05,1.0025097197779003
12/22/05,1.0275456236673195
12/21/05,1.0197493970321347
12/20/05,1.0173710169379753
12/19/05,1.0115411579928264
12/16/05,1.0152186936583143
12/15/05,1.0027168014204273
12/14/05,0.9998420326976588
12/13/05,1.001466274094653
12/12/05,1.0285661579889425
12/09/05,1.0232071899453463
12/08/05,1.0073489301489664
12/07/05,1.0100171138188119
12/06/05,1.0160586323127563
12/05/05,0.9986449545686004
12/02/05,1.0157790298130607
12/01/05,1.0232109667381566
11/30/05,1.0055720088037245
11/29/05,1.0066329916989
11/28/05,1.0076048542983076
11/25/05,1.0158244886017627
11/23/05,1.0047400310789933
11/22/05,0.9985276111855951
11/21/05,0.9967976008576496
11/18/05,1.002198509293869
11/17/05,1.0203532027801943
11/16/05,1.01932888927137
11/15/05,0.9889381329293158
11/14/05,1.0108203661147221
11/11/05,1.022578042752287
11/10/05,0.9978286244480451
11/09/05,0.985414985734992
11/08/05,0.9980469245116004
11/07/05,1.0259462399915364
11/04/05,1.022904433712629
11/03/05,1.016394974775544
11/02/05,1.0142427300762364
11/01/05,1.000493650802412
10/31/05,1.0135704094151625
10/28/05,1.0145316682001735
10/27/05,1.0085336623943382
10/26/05,0.99836425615096
10/25/05,0.9855200322051281
10/24/05,1.0224381225372063
10/21/05,1.2832836200571607
10/20/05,1.010366016462028
10/19/05,1.0067526652040195
10/18/05,1.0017374113946673
10/17/05,1.0111940227877418
10/14/05,1.0185576412969624
10/13/05,1.008851383239161
10/12/05,0.9961137001173376
10/11/05,1.001742184889256
10/10/05,1.004046714274982
10/07/05,1.0150585856191396
10/06/05,1.0241004398503113
10/05/05,1.0128790110966228
10/04/05,1.0099783587983666
10/03/05,0.9840967860515433
09/30/05,1.0317435684131528
09/29/05,1.0064488821597382
09/28/05,1.0037855998786227
09/27/05,1.0062678708109403
09/26/05,1.0282819846657072
09/23/05,1.0124802561074155
09/22/05,0.9994325665235082
09/21/05,1.0052509902945332
09/20/05,1.0175526440931382
09/19/05,1.0073349966043417
09/16/05,1.0112618034082685
09/15/05,0.9790066945640143
09/14/05,0.9830513213623558
09/13/05,0.9972171703884054
09/12/05,1.019805194596562
09/09/05,1.0148095904904626
09/08/05,1.0017283828525059
09/07/05,0.9934929431663873
09/06/05,1.0058172764699234
09/02/05,1.0038184387883986
09/01/05,1.0013700166394612
08/31/05,1.008690332007645
08/30/05,0.994642887755562
08/29/05,0.9925399820613814
08/26/05,1.0083052645384687
08/25/05,1.001858278276359
08/24/05,0.9876068479195113
08/23/05,1.017708525351767
08/22/05,1.0108660867483144
08/19/05,1.0091501157016545
08/18/05,0.9374667921194985
08/17/05,1.0010188841365293
08/16/05,1.008203349833591
08/15/05,1.002552676842155
08/12/05,0.9971367326151795
08/11/05,1.0034717416506025
08/10/05,1.0001461758946781
08/09/05,1.0068803308655057
08/08/05,1.0105599272299095
08/05/05,1.000453533966482
08/04/05,0.990215577177103
08/03/05,0.994037290291967
08/02/05,1.001931235684988
08/01/05,1.0045047150373894
07/29/05,0.9927232846086466
07/28/05,1.005236333688703
07/27/05,1.0131565575718566
07/26/05,0.9963158389185836
07/25/05,1.0019338930114452
07/22/05,0.9537260820270423
07/21/05,1.015154254869164
07/20/05,0.9740274773921686
07/19/05,1.0191100107459772
07/18/05,0.9940901717108742
07/15/05,1.0043287613724041
07/14/05,1.0454082100132005
07/13/05,1.0070087099678746
07/12/05,1.0022730220179297
07/11/05,1.0031489527178612
07/08/05,1.0068096946060288
07/07/05,0.9873723615616171
07/06/05,1.0127646221457407
07/05/05,1.007842581446904
07/01/05,1.0080572550727895
06/30/05,1.013079680725332
06/29/05,1.00531460488065
06/28/05,1.0163516311232401
06/27/05,1.0131130072445742
06/24/05,1.0102234713611105
06/23/05,0.9930036624356032
06/22/05,1.0147280008372994
06/21/05,1.0115664703944272
06/20/05,0.9719307445192239
06/17/05,1.013256877613207
06/16/05,0.9980658513479993
06/15/05,0.9779054887178488
06/14/05,0.9725452609454264
06/13/05,0.9830076409655423
06/10/05,1.0067548417816456
06/09/05,1.0389521892480007
06/08/05,1.0001559688619603
06/07/05,1.0443878176185326
06/06/05,1.0172153274960218
06/03/05,0.9942812021096744
06/02/05,1.0070746667647086
06/01/05,1.04481682847889
05/31/05,1.0278153798152245
05/27/05,1.0117318310491328
05/26/05,1.0031514502370573
05/25/05,0.9764275230448767
05/24/05,1.013834121128822
05/23/05,1.0148434944266256
05/20/05,1.0189916044546408
05/19/05,1.011877642117875
05/18/05,1.0061220151021115
05/17/05,0.9977543411938598
05/16/05,1.005842583070261
05/13/05,1.0060264017056815
05/12/05,0.9978453239880395
05/11/05,1.0122824773186885
05/10/05,0.997128327982777
05/09/05,1.0018243788428598
05/06/05,1.014524679992342
05/05/05,1.0030513844081987
05/04/05,1.0112050115357538
05/03/05,0.9980372706391603
05/02/05,1.020654989754828
04/29/05,1.024442028425249
04/28/05,0.999449391739832
04/27/05,0.9950443927518005
04/26/05,0.972354695758541
04/25/05,1.020646206034091
04/22/05,1.1851228975090915
04/21/05,1.0254459828882552
04/20/05,1.0771011002895332
04/19/05,1.0272700376254793
04/18/05,0.9974549753122435
04/15/05,0.9878830320348521
04/14/05,1.0055281172707409
04/13/05,0.9969423104390706
04/12/05,0.9996170273867585
04/11/05,1.0128413509637317
04/08/05,1.001276799758074
04/07/05,0.997344545585837
04/06/05,1.0091131985275574
04/05/05,1.0283634906145867
04/04/05,1.0009990856578177
04/01/05,1.0158634848449442
03/31/05,0.9742638208130849
03/30/05,1.0139291665375258
03/29/05,0.9979169503389328
03/28/05,1.0291399553703882
03/24/05,1.021239250635842
03/23/05,0.9949381656554678
03/22/05,1.0053205318001637
03/21/05,0.9934376680712702
03/18/05,0.9966401541603257
03/17/05,1.0194434574755564
03/16/05,0.9805912925690766
03/15/05,1.0055465566071584
03/14/05,1.0079678339271518
03/11/05,1.0071167875356255
03/10/05,0.9982465998154719
03/09/05,0.9912980605907483
03/08/05,1.0050750364353624
03/07/05,1.0222460470692527
03/04/05,0.998681397147575
03/03/05,1.012270591095907
03/02/05,1.0008164220877664
03/01/05,1.0158444096670143
02/28/05,1.0034002382038734
02/25/05,1.0047557197390402
02/24/05,0.8927907229902889
02/23/05,1.0221904949133784
02/22/05,0.9873352348946828
02/18/05,1.0081707861867701
02/17/05,0.9961476725424493
02/16/05,0.996565134583997
02/15/05,1.0083277930654901
02/14/05,0.9533922470874929
02/11/05,0.9879419907045929
02/10/05,1.0060755443862117
02/09/05,1.0233665679486006
02/08/05,1.0114978515021613
02/07/05,1.0108169241482898
02/04/05,0.9603193198703385
02/03/05,1.002291642657482
02/02/05,1.248729099909322
02/01/05,0.9893097050122308
01/31/05,1.0372353999349355
01/28/05,1.0226503121025283
01/27/05,0.9969221259071377
01/26/05,1.026301569341755
01/25/05,1.0155149967120267
01/24/05,1.0063595076445317
01/21/05,1.008400683656196
01/20/05,0.9532944954114756
01/19/05,1.0093639931606926
01/18/05,1.0120114685958557
01/14/05,1.0088670216110063
01/13/05,1.00199998817533
01/12/05,1.0101718264160389
01/11/05,1.007747539641142
01/10/05,1.008712862640613
01/07/05,1.0241913924486958
01/06/05,1.0182427191845618
01/05/05,0.9911924190511442
01/04/05,0.989062151973354
01/03/05,1.0498719283944196
12/31/04,1.0185145073581228
12/30/04,1.0027265969602364
12/29/04,0.9918216635299009
12/28/04,1.0040863534322513
12/27/04,1.0153182464973263
12/23/04,1.014358044375807
12/22/04,1.0036343402157855
12/21/04,1.0159584297988506
12/20/04,1.0233453061061495
12/17/04,1.0052898790459202
12/16/04,0.9704856508694832
12/15/04,0.9941575174856239
12/14/04,1.0084601124573607
12/13/04,1.0080648094973457
12/10/04,1.0020000111510625
12/09/04,1.005180080941297
12/08/04,0.9893874330883489
12/07/04,0.9987067594590423
12/06/04,0.9879060878982108
12/03/04,1.0081376587158424
12/02/04,1.0013326026498022
12/01/04,1.0016699146029342
11/30/04,0.9982403771860993
11/29/04,1.0128253110583132
11/26/04,1.0139139560087038
11/24/04,1.0892408604053414
11/23/04,1.0368015961842405
11/22/04,0.9437363704841286
11/19/04,1.0206409737087814
11/18/04,0.976351324532595
11/17/04,0.9611571122576482
11/16/04,0.9221885244807176
11/15/04,0.98494991433765
11/12/04,1.0261743924038509
11/11/04,1.0171468035476054
11/10/04,1.025378266378319
11/09/04,1.019983858953442
11/08/04,1.0206781951010964
11/05/04,0.972517410731033
11/04/04,0.9682624996782934
11/03/04,1.0360053342879743
11/02/04,1.0300849850256213
11/01/04,1.0325593494485588
10/29/04,1.0598953557543207
10/28/04,1.0096433106789902
10/27/04,1.012131141482533
10/26/04,0.9906761012912442
10/25/04,1.0480936633922844
10/22/04,1.2855877647209306
10/21/04,1.05771800582906
10/20/04,1.0032178771983935
10/19/04,1.0199851901106896
10/18/04,0.9893581328816462
10/15/04,1.0433087813840267
10/14/04,1.003562943022565
10/13/04,1.0882578562189995
10/12/04,0.9898632600456909
10/11/04,0.9913888710504026
10/08/04,1.0001255699562497
10/07/04,0.9996631744621777
10/06/04,0.9901360466462179
10/05/04,0.9960709074418083
10/04/04,1.0423179000460725
10/01/04,1.0205369005574803
09/30/04,0.9839776586470015
09/29/04,0.9994748980632492
09/28/04,1.053463583528786
09/27/04,0.9974891590955953
09/24/04,1.003988417251875
09/23/04,1.0097793589457655
09/22/04,0.994524801040549
09/21/04,1.0095477252415463
09/20/04,0.9927986058238283
09/17/04,1.0099046920021373
09/16/04,1.0080774841309597
09/15/04,0.9853001666905878
09/14/04,1.001068693657999
09/13/04,1.0267091212358073
09/10/04,0.9881068369954648
09/09/04,1.0065010680837752
09/08/04,0.9854448267644276
09/07/04,1.0220180590061523
09/03/04,0.9909556140532391
09/02/04,0.9808317765521808
09/01/04,1.008453639404722
08/31/04,1.0076914076369705
08/30/04,0.9855916599557819
08/27/04,1.005525017165669
08/26/04,0.9821688213783766
08/25/04,1.003718231045915
08/24/04,1.0356716818511889
08/23/04,1.0471010049908513
08/20/04,1.015367906858999
